Student_ID,Student_Name,Class,Section,Math_Internal,Math_External,Science_Internal,Science_External,English_Internal,English_External,Computer_Internal,Computer_External,Total_Classes,Classes_Attended
1000,John,10,A,16,53.0,26.0,62,22,50.0,24,53,100,82
1001,Alice,10,A,20,35.0,15.0,59,22,32.0,23,36,100,83
1002,Bob,10,A,21,54.0,17.0,21,30,50.0,18,46,100,81
1003,Emma,10,C,21,49.0,28.0,46,25,57.0,29,50,100,74
1004,David,10,C,24,68.0,14.0,56,17,36.0,22,43,100,98
1005,Sophia,10,A,27,,25.0,69,24,38.0,27,36,100,79
1006,Michael,10,A,24,31.0,23.0,27,29,64.0,18,70,100,99
1007,Olivia,10,A,13,26.0,17.0,61,18,58.0,19,60,100,93
1008,James,10,C,19,60.0,25.0,50,30,44.0,25,48,100,82
1009,Isabella,10,C,17,45.0,27.0,64,16,53.0,27,59,100,100
1010,William,10,A,24,69.0,12.0,44,21,38.0,25,35,100,67
1011,Mia,10,C,20,41.0,19.0,54,17,62.0,28,39,100,98
1012,Benjamin,10,A,18,52.0,,28,22,41.0,19,67,100,82
1013,Charlotte,10,C,14,59.0,23.0,59,20,56.0,20,35,100,94
1014,Lucas,10,B,14,38.0,14.0,20,19,55.0,24,48,100,98
1015,Amelia,10,A,18,39.0,26.0,45,24,42.0,20,66,100,98
1016,Henry,10,B,26,56.0,15.0,49,19,52.0,24,49,100,88
1017,Harper,10,A,13,37.0,18.0,70,20,57.0,19,40,100,87
1018,Alexander,10,A,21,68.0,22.0,47,23,68.0,18,35,100,86
1019,Evelyn,10,B,29,37.0,20.0,22,21,35.0,25,61,100,68
1020,Daniel,10,A,14,57.0,30.0,61,26,53.0,28,66,100,91
1021,Abigail,10,C,18,36.0,18.0,21,17,66.0,18,51,100,61
1022,Matthew,10,B,11,52.0,16.0,51,15,30.0,20,36,100,85
1023,Emily,10,C,15,56.0,15.0,30,22,46.0,23,58,100,64
1024,Joseph,10,C,29,58.0,17.0,41,25,45.0,18,43,100,65
1025,Elizabeth,10,C,25,53.0,14.0,39,26,,20,60,100,62
1026,Samuel,10,C,28,44.0,18.0,60,15,69.0,24,52,100,99
1027,Mila,10,A,10,35.0,29.0,42,29,59.0,27,69,100,66
1028,David,10,B,25,50.0,27.0,68,16,30.0,29,39,100,96
1029,Ella,10,A,18,65.0,14.0,38,30,45.0,20,54,100,83
1030,Carter,10,B,10,48.0,22.0,68,22,65.0,23,54,100,94
1031,Avery,10,B,25,49.0,14.0,44,27,47.0,19,36,100,94
1032,Wyatt,10,A,25,65.0,15.0,52,18,62.0,22,54,100,67
1033,Sofia,10,B,16,27.0,28.0,52,30,41.0,28,56,100,81
1034,Jayden,10,C,23,54.0,17.0,57,27,37.0,28,61,100,93
1035,Camila,10,C,30,54.0,12.0,47,29,62.0,22,53,100,63
1036,Gabriel,10,C,12,41.0,23.0,47,28,58.0,22,40,100,94
1037,Aria,10,C,18,61.0,28.0,65,19,60.0,20,67,100,80
1038,Isaac,10,A,10,27.0,29.0,44,24,60.0,23,37,100,99
1039,Scarlett,10,B,23,48.0,29.0,51,29,51.0,24,36,100,86
1040,Lincoln,10,C,19,26.0,28.0,59,15,38.0,28,63,100,85
1041,Victoria,10,C,12,49.0,24.0,26,23,65.0,30,54,100,60
1042,Anthony,10,A,17,70.0,27.0,33,26,52.0,29,68,100,61
1043,Madison,10,A,28,49.0,28.0,61,20,44.0,23,67,100,67
1044,Hudson,10,B,30,68.0,23.0,24,21,33.0,23,66,100,89
1045,Luna,10,A,24,59.0,19.0,35,27,59.0,20,51,100,78
1046,Dylan,10,C,14,50.0,20.0,31,19,30.0,27,35,100,93
1047,Grace,10,A,25,49.0,19.0,64,19,30.0,30,39,100,81
1048,Ezra,10,B,12,36.0,27.0,70,19,51.0,26,63,100,73
1049,Chloe,10,A,14,54.0,25.0,24,26,45.0,27,60,100,80
1050,Thomas,10,A,16,60.0,12.0,49,19,52.0,27,44,100,64
1051,Penelope,10,C,13,58.0,21.0,38,24,61.0,18,39,100,63
1052,Charles,10,C,25,48.0,27.0,21,15,57.0,28,54,100,83
1053,Layla,10,C,21,59.0,12.0,52,27,66.0,29,37,100,60
1054,Christopher,10,B,10,64.0,21.0,62,26,58.0,30,46,100,90
1055,Riley,10,A,23,26.0,30.0,69,17,52.0,18,60,100,67
1056,Jaxon,10,A,19,50.0,13.0,70,23,36.0,21,45,100,88
1057,Zoey,10,A,13,49.0,15.0,29,19,38.0,25,69,100,94
1058,Maverick,10,C,25,60.0,29.0,68,21,61.0,25,57,100,91
1059,Nora,10,C,14,36.0,28.0,32,21,54.0,20,64,100,76
